work_id,author_position,author_id,institution_id,raw_affiliation_string
4310960001,first,5011244104,186246823.0,"In Vitro Culture and Plant Genetics Unit, Department of Botany, University of Lucknow, Lucknow, 226007, Uttar Pradesh, India."
4310960001,middle,5091686644,186246823.0,"In Vitro Culture and Plant Genetics Unit, Department of Botany, University of Lucknow, Lucknow, 226007, Uttar Pradesh, India."
4310960001,middle,5010447879,186246823.0,"In Vitro Culture and Plant Genetics Unit, Department of Botany, University of Lucknow, Lucknow, 226007, Uttar Pradesh, India."
4310960001,last,5075822266,186246823.0,"In Vitro Culture and Plant Genetics Unit, Department of Botany, University of Lucknow, Lucknow, 226007, Uttar Pradesh, India. gaurigupta72@yahoo.com."
2051135645,first,5007428634,,etienne.laverse{at}imperial.ac.uk
2051135645,middle,5076268018,4210093966.0,"Southend Hospital, Southend, Essex, SS0 7DB, UK"
2051135645,middle,5037703738,4210093966.0,"Southend Hospital, Southend, Essex, SS0 7DB, UK"
2051135645,last,5072262259,,"Health Protection Agency Centre for Infections, Laboratory of Gastrointestinal Pathogens, 61 Colindale Avenue, London, NW9 5EQ, UK"
2051136151,first,5055704153,47720641.0,"Department of Opto-electronics Engineering, Huazhong University of Science and Technology, 430074 Wuhan, PR China"
2051136151,middle,5054091435,47720641.0,"Department of Opto-electronics Engineering, Huazhong University of Science and Technology, 430074 Wuhan, PR China"
2051136151,middle,5064606248,47720641.0,"Department of Opto-electronics Engineering, Huazhong University of Science and Technology, 430074 Wuhan, PR China"
2051136151,middle,5059163043,47720641.0,"Department of Opto-electronics Engineering, Huazhong University of Science and Technology, 430074 Wuhan, PR China"
2051136151,middle,5047169769,47720641.0,"Department of Opto-electronics Engineering, Huazhong University of Science and Technology, 430074 Wuhan, PR China"
2051136151,last,5084901619,47720641.0,"Department of Opto-electronics Engineering, Huazhong University of Science and Technology, 430074 Wuhan, PR China"
2051136876,first,5084901619,103635307.0,"Division of Biomedical Sciences and Department of Biochemistry, University of California, Riverside, Rivserside, CA 92521-0121, USA."
2051136876,middle,5009902972,103635307.0,"Division of Biomedical Sciences and Department of Biochemistry, University of California, Riverside, Rivserside, CA 92521-0121, USA"
2051136876,last,5047062612,103635307.0,"Division of Biomedical Sciences and Department of Biochemistry, University of California, Riverside, Rivserside, CA 92521-0121, USA"
2051137881,first,5016716157,241749.0,"Signal Processing Group, Eng. Dept., Cambridge Univ., Trumpington St., Cambridge CB2 1PZ, UK"
2051137881,last,5065185246,241749.0,"Signal Processing Group, Eng. Dept., Cambridge Univ., Trumpington St., Cambridge CB2 1PZ, UK"
2051138418,first,5080874815,,
2051138418,middle,5071636149,,
2051138418,middle,5005123802,,
2051138418,middle,5022557090,,
2051138418,middle,5049923176,,
2051138418,middle,5028220643,,
2051138418,last,5043391310,,
2051139206,first,5084023575,,
2051139206,middle,5036460013,,
2051139206,last,5089059738,,
2051139541,first,5017707285,147017597.0,"Laboratory of Electron Microscopy, Varna Institute of Medicine, Varna 9002, Bulgaria"
2051139566,first,5030455939,1291425158.0,"Google, Mountain View, USA"
2051139606,first,5020386420,,
2051139606,middle,5057198702,,
2051139606,last,5067006146,,
2051139749,first,5038596508,121820613.0,"Louisiana State Univ., USA#TAB#"
2051139749,middle,5086736655,121820613.0,"Louisiana State Univ., USA#TAB#"
2051139749,middle,5060074227,121820613.0,"Louisiana State Univ., USA#TAB#"
2051139749,middle,5032828472,121820613.0,"Louisiana State Univ., USA#TAB#"
2051139749,last,5056624209,121820613.0,"Louisiana State Univ., USA#TAB#"
2051141196,first,5000241801,,
2051141196,middle,5007226805,,
2051141196,middle,5072419495,,
2051141196,middle,5020737678,,
2051141196,last,5028356280,,
2051142601,first,5000241801,1281635806.0,Alberta Environmental Protection (Canada)
2051142601,last,5085932070,1281635806.0,Alberta Environmental Protection (Canada)
2051142888,first,5029831246,76130692.0,"Dept..of Inf. Sci. & Electron. Eng., Zhejiang Univ., Hangzhou, China"
2051142888,middle,5088109232,76130692.0,"Dept..of Inf. Sci. & Electron. Eng., Zhejiang Univ., Hangzhou, China"
2051142888,middle,5030232420,76130692.0,"Dept..of Inf. Sci. & Electron. Eng., Zhejiang Univ., Hangzhou, China"
2051142888,last,5001166023,76130692.0,"Dept..of Inf. Sci. & Electron. Eng., Zhejiang Univ., Hangzhou, China"
2051143688,first,5046265468,1320473756.0,"Royal Melbourne Hospital, Grattan Street, Parkville, Victoria 3050, Australia"
2051144475,first,5017528904,114531698.0,"Department of Applied Physics, Tokyo Institute of Technology"
2051144475,middle,5070106223,114531698.0,"Department of Applied Physics, Tokyo Institute of Technology"
2051144475,last,5035966325,114531698.0,"Department of Applied Physics, Tokyo Institute of Technology"
2051144601,first,5081616503,117965899.0,"Assistant Professor of Music Education and Conductor of Brass Ensembles, University of Hawaii, Honolulu."
2051144601,first,5073347409,1331384533.0,"Assistant Professor of Music Education and Conductor of Brass Ensembles, University of Hawaii, Honolulu."
2051145320,first,5065372450,,
2051145344,first,5020483292,44461941.0,"Department of Mathematics , University of Houston , Houston, Texas, 77004"
2051145395,first,5033872453,,
2051145680,first,5066809107,,
2051145999,first,5089469349,123387679.0,"Department of Medical Cell Biology, Uppsala University, Biomedical Centre, Uppsala, Sweden"
2051147079,first,5020825814,4210135152.0,"SAP Research Center Dresden, SAP AG, Germany (Tel: +49 351 4811 6120"
2051147079,last,5056029393,4210135152.0,"SAP Research Center Dresden, SAP AG, Germany (Tel: +49 351 4811 6213"
2051147896,first,5049923176,185261750.0,"Department of Botany , University of Toronto"
2051148006,first,5057198702,4210122091.0,"Department of Paediatrics, Ahmadu Bello University Teaching Hospital Zaria, Kaduna State, Nigeria"
2051148006,middle,5041430199,4210122091.0,"Department of Paediatrics, Ahmadu Bello University Teaching Hospital Zaria, Kaduna State, Nigeria"
2051148006,last,5081345828,4210122091.0,"Department of Ophthalmology, Ahmadu Bello University Teaching Hospital Zaria, Kaduna State, Nigeria"
2051148008,first,5010586392,153473198.0,North China Electric Power University
2051148308,first,5022425980,,
2051148308,middle,5014063849,,
2051148308,last,5066809107,,
2051148400,first,5015820034,,
2051148458,first,5072340000,,
2051149479,first,5059075801,173911158.0,"Iowa State University Mechanical Engineering Department, , Ames, Iowa 50011"
2051149479,last,5072569246,173911158.0,"Iowa State University Mechanical Engineering Department, , Ames, Iowa 50011"
2051149940,first,5046786559,,
2051150319,first,5052378655,2800027884.0,"Israel Atomic Energy Commission Laboratories, Rehovot, Israel"
2051150319,last,5080782025,2800027884.0,"Israel Atomic Energy Commission Laboratories, Rehovot, Israel"
2051151246,first,5052205279,4210131883.0,"Instituto de Ciências Matemáticas de São Carlos Departamento de Matemática, Universidade de São Paulo, São Carlos,"
2051151246,first,5052332422,17974374.0,"Instituto de Ciências Matemáticas de São Carlos Departamento de Matemática, Universidade de São Paulo, São Carlos,"
2051151246,last,5075959498,4210131883.0,"Instituto de Ciências Matemáticas de São Carlos Departamento de Matemática, Universidade de São Paulo, São Carlos,"
2051151246,last,5081763586,17974374.0,"Instituto de Ciências Matemáticas de São Carlos Departamento de Matemática, Universidade de São Paulo, São Carlos,"
2051151286,first,5023779041,4210166718.0,"Endocrinology, Diabetes, Metabolism, and Nutrition"
2051151286,last,5011899689,,
2051151295,first,5089469349,107158390.0,"Telecommunition Syst. Dept., Kharkiv Nat. Uniersity of Radioelectron., Kharkiv, Ukraine"
2051151295,last,5021079206,107158390.0,"Telecommunition Syst. Dept., Kharkiv Nat. Uniersity of Radioelectron., Kharkiv, Ukraine"
2051151742,first,5087216208,,
2051151742,last,5009746570,,
2051151957,first,5085932070,,"BALTIMORE.; PROFESSOR OF ANATOMY AND CLINICAL SURGERY IN THE UNIVERSITY OF MATYLAND.; Read before the Medical and Chirurgical Faculty of Maryland, April 25, 1887."
2051152012,first,5044944579,,
2051152183,first,5009902972,,Completed Date: 26 December 1966; Created Date: 26 December 1966
2051152443,first,5050057021,4210165444.0,"Unit of Biochemical Pharmacology and Protein Biotechnology, Chongqing Key Laboratory of Biochemistry and Molecular Pharmacology, College of Pharmaceutical Sciences, Chongqing Medical University, Chongqing, 400016, China"
2051152443,first,5076559815,87780372.0,"Unit of Biochemical Pharmacology and Protein Biotechnology, Chongqing Key Laboratory of Biochemistry and Molecular Pharmacology, College of Pharmaceutical Sciences, Chongqing Medical University, Chongqing, 400016, China"
2051152443,middle,5051138710,4210165444.0,"Unit of Biochemical Pharmacology and Protein Biotechnology, Chongqing Key Laboratory of Biochemistry and Molecular Pharmacology, College of Pharmaceutical Sciences, Chongqing Medical University, Chongqing, 400016, China"
2051152443,middle,5003214232,87780372.0,"Unit of Biochemical Pharmacology and Protein Biotechnology, Chongqing Key Laboratory of Biochemistry and Molecular Pharmacology, College of Pharmaceutical Sciences, Chongqing Medical University, Chongqing, 400016, China"
2051152443,middle,5004437004,4210165444.0,"Unit of Biochemical Pharmacology and Protein Biotechnology, Chongqing Key Laboratory of Biochemistry and Molecular Pharmacology, College of Pharmaceutical Sciences, Chongqing Medical University, Chongqing, 400016, China"
2051152443,middle,5071907383,87780372.0,"Unit of Biochemical Pharmacology and Protein Biotechnology, Chongqing Key Laboratory of Biochemistry and Molecular Pharmacology, College of Pharmaceutical Sciences, Chongqing Medical University, Chongqing, 400016, China"
2051152443,middle,5072419495,4210165444.0,"Unit of Biochemical Pharmacology and Protein Biotechnology, Chongqing Key Laboratory of Biochemistry and Molecular Pharmacology, College of Pharmaceutical Sciences, Chongqing Medical University, Chongqing, 400016, China"
2051152443,middle,5065760562,87780372.0,"Unit of Biochemical Pharmacology and Protein Biotechnology, Chongqing Key Laboratory of Biochemistry and Molecular Pharmacology, College of Pharmaceutical Sciences, Chongqing Medical University, Chongqing, 400016, China"
2051152443,middle,5055050619,4210165444.0,"Unit of Biochemical Pharmacology and Protein Biotechnology, Chongqing Key Laboratory of Biochemistry and Molecular Pharmacology, College of Pharmaceutical Sciences, Chongqing Medical University, Chongqing, 400016, China"
2051152443,middle,5065760562,87780372.0,"Unit of Biochemical Pharmacology and Protein Biotechnology, Chongqing Key Laboratory of Biochemistry and Molecular Pharmacology, College of Pharmaceutical Sciences, Chongqing Medical University, Chongqing, 400016, China"
2051152443,middle,5080719634,4210165444.0,"Unit of Biochemical Pharmacology and Protein Biotechnology, Chongqing Key Laboratory of Biochemistry and Molecular Pharmacology, College of Pharmaceutical Sciences, Chongqing Medical University, Chongqing, 400016, China"
2051152443,middle,5027477693,87780372.0,"Unit of Biochemical Pharmacology and Protein Biotechnology, Chongqing Key Laboratory of Biochemistry and Molecular Pharmacology, College of Pharmaceutical Sciences, Chongqing Medical University, Chongqing, 400016, China"
2051152443,middle,5079362604,4210165444.0,"Unit of Biochemical Pharmacology and Protein Biotechnology, Chongqing Key Laboratory of Biochemistry and Molecular Pharmacology, College of Pharmaceutical Sciences, Chongqing Medical University, Chongqing, 400016, China"
2051152443,middle,5080781092,87780372.0,"Unit of Biochemical Pharmacology and Protein Biotechnology, Chongqing Key Laboratory of Biochemistry and Molecular Pharmacology, College of Pharmaceutical Sciences, Chongqing Medical University, Chongqing, 400016, China"
2051152443,last,5075033189,4210165444.0,"Unit of Biochemical Pharmacology and Protein Biotechnology, Chongqing Key Laboratory of Biochemistry and Molecular Pharmacology, College of Pharmaceutical Sciences, Chongqing Medical University, Chongqing, 400016, China"
2051152443,last,5076254444,87780372.0,"Unit of Biochemical Pharmacology and Protein Biotechnology, Chongqing Key Laboratory of Biochemistry and Molecular Pharmacology, College of Pharmaceutical Sciences, Chongqing Medical University, Chongqing, 400016, China"
2051152928,first,5065753963,,
2051153189,first,5053627197,,
2051153521,first,5072419495,118347636.0,Australian National University
2051153866,first,5047062612,,"AFWAL Materials Laboratory (MLLN), Wright-Patterson, AFB OH 45433, U.S.A."
2051153866,last,5010840896,,"Aeronautics and Astronautics, AFIT, Wright-Patterson, AFB OH 45433, U.S.A."
2051154505,first,5086118789,4210163578.0,Founder of Integral Performance Group
2051154596,first,5084737453,4880106.0,Feng Chia University Taichung
2051154596,middle,5080781092,4880106.0,Feng Chia University Taichung
2051154596,middle,5091101235,4880106.0,Feng Chia University Taichung
2051154596,last,5075465227,4880106.0,Feng Chia University Taichung
2051154787,first,5068485943,,
2051154787,middle,5029414284,,
2051154787,last,5029438796,,
2051155012,first,5028220643,,
2051155012,last,5049404359,,
2051155312,first,5018089442,139894009.0,"Teaching Fellow in German in the Department of Modern Languages , University of Bradford"
2051155925,first,5087216208,,
2051155925,middle,5007428634,,
2051155925,last,5006214269,,
2051156078,first,5029175540,58028834.0,"Human Genetics Laboratory, Centre of Macaronesian Studies, University of Madeira, Campus of Penteada, Funchal, Portugal"
2051156078,middle,5056986606,58028834.0,"Human Genetics Laboratory, Centre of Macaronesian Studies, University of Madeira, Campus of Penteada, Funchal, Portugal"
2051156078,middle,5052205279,58028834.0,"Human Genetics Laboratory, Centre of Macaronesian Studies, University of Madeira, Campus of Penteada, Funchal, Portugal"
2051156078,middle,5065529657,58028834.0,"Human Genetics Laboratory, Centre of Macaronesian Studies, University of Madeira, Campus of Penteada, Funchal, Portugal"
2051156078,middle,5008557121,58028834.0,"Human Genetics Laboratory, Centre of Macaronesian Studies, University of Madeira, Campus of Penteada, Funchal, Portugal"
2051156078,last,5045791535,58028834.0,"Human Genetics Laboratory, Centre of Macaronesian Studies, University of Madeira, Campus of Penteada, Funchal, Portugal"
2051156384,first,5017707285,,
2051156384,last,5056461765,,
2051156394,first,5072340000,4210152464.0,"Research Laboratory, General Electric Company, Schenectady, N. Y."
2051156755,first,5019123826,99464096.0,Institut voor Chemie-Ingenieurstechniek Katholicke Universiteit Leuven Belgium
2051156755,middle,5003352360,51556381.0,"School of Engineering and Applied Science University of Virginia Charlottesville, Va. 22901 U.S.A."
2051156755,last,5069242667,51556381.0,"School of Engineering and Applied Science University of Virginia Charlottesville, Va. 22901 U.S.A."
2051156766,first,5053730749,79563041.0,"N.I. Lobachevsky State University of Nizhny Novgorod, Nizhny Novgorod, Russia."
2051156766,middle,5051138710,79563041.0,"N.I. Lobachevsky State University of Nizhny Novgorod, Nizhny Novgorod, Russia."
2051156766,last,5036578348,79563041.0,"N.I. Lobachevsky State University of Nizhny Novgorod, Nizhny Novgorod, Russia."
2051158193,first,5065753963,,Moscow
2051159244,first,5051873291,,
2051159244,last,5023846504,,
2051159519,first,5044032928,117532281.0,"Guangdong Provincial Hospital of Chinese Medicine, 2nd Affiliated Hospital of Guangzhou University of Chinese Medicine"
2051159519,middle,5086983410,117532281.0,"Guangdong Provincial Hospital of Chinese Medicine, 2nd Affiliated Hospital of Guangzhou University of Chinese Medicine"
2051159519,middle,5033696402,117532281.0,"Guangdong Provincial Hospital of Chinese Medicine, 2nd Affiliated Hospital of Guangzhou University of Chinese Medicine"
2051159519,middle,5017062408,117532281.0,"Guangdong Provincial Hospital of Chinese Medicine, 2nd Affiliated Hospital of Guangzhou University of Chinese Medicine"
2051159519,middle,5086118789,117532281.0,"Guangdong Provincial Hospital of Chinese Medicine, 2nd Affiliated Hospital of Guangzhou University of Chinese Medicine"
2051159519,last,5007226805,117532281.0,"Guangdong Provincial Hospital of Chinese Medicine, 2nd Affiliated Hospital of Guangzhou University of Chinese Medicine"
2051159605,first,5037168372,,
2051159803,first,5036137417,1297026177.0,ASA Fellow; Corporate economist and chief statistician for the Dun & Brad‐street Corporation
2051161090,first,5025191886,70983195.0,"Dept. of Electrical and Computer Engineering Syracuse University Syracuse, NY 13244, U.S.A."
2051161090,last,5023846504,70983195.0,"Dept. of Electrical and Computer Engineering Syracuse University Syracuse, NY 13244, U.S.A."
2051161398,first,5075559582,59100879.0,"Physical Laboratories, University of Jodhpur , Jodhpur, India"
2051161398,middle,5056696050,59100879.0,"Physical Laboratories, University of Jodhpur , Jodhpur, India"
2051161398,last,5088250792,59100879.0,"Physical Laboratories, University of Jodhpur , Jodhpur, India"
2051161689,first,5085591989,,
2051161801,first,5057190771,,
2051162753,first,5043034077,32021983.0,"Manuscript received September 3, 1993; manuscript accepted November 17, 1993.; reprint requests to Priv.-Doz. Dr. med. Christian Löser, I. Medizinische Klinik, Christian-Albrechts-Universität, Schittenhelmstrasse 12, D-24105 Kiel, Germany."
2051162753,middle,5043554245,32021983.0,"Manuscript received September 3, 1993; manuscript accepted November 17, 1993.; reprint requests to Priv.-Doz. Dr. med. Christian Löser, I. Medizinische Klinik, Christian-Albrechts-Universität, Schittenhelmstrasse 12, D-24105 Kiel, Germany."
2051162753,last,5013414360,32021983.0,"Manuscript received September 3, 1993; manuscript accepted November 17, 1993.; reprint requests to Priv.-Doz. Dr. med. Christian Löser, I. Medizinische Klinik, Christian-Albrechts-Universität, Schittenhelmstrasse 12, D-24105 Kiel, Germany."
2051162800,first,5025334373,2799884508.0,"Assistenzarzt onkologische Palliativmedizin, Kantonsspital St. Gallen"
2051162800,last,5038838837,2799884508.0,"Oberarzt mbF Onkologie und Palliativmedizin, Leitung onkologische Palliativmedizin, Kantonsspital St. Gallen"
2051163018,first,5091304121,84641585.0,"Department of Biological Sciences, Faculty of Science, Sokoine University of Agriculture, P.O. Box 3038, Morogoro, Tanzania; Ifakara Health Institute (IHI), Research and Development Center (RDC), P.O. Box 53, Ifakara, Kilombero District, Tanzania"
2051163018,first,5004100415,114292369.0,"Department of Biological Sciences, Faculty of Science, Sokoine University of Agriculture, P.O. Box 3038, Morogoro, Tanzania; Ifakara Health Institute (IHI), Research and Development Center (RDC), P.O. Box 53, Ifakara, Kilombero District, Tanzania"
2051163018,middle,5040427649,124357947.0,"London School of Hygiene and Tropical Medicine, Pathogen Molecular Biology Unit, Department of Infectious Tropical Diseases, Keppel Street, London WC1E 7HT, UK"
2051163018,middle,5053015523,4210089966.0,"London School of Hygiene and Tropical Medicine, Pathogen Molecular Biology Unit, Department of Infectious Tropical Diseases, Keppel Street, London WC1E 7HT, UK"
2051163018,middle,5080705201,84641585.0,"Department of Veterinary Physiology, Biochemistry, Pharmacology and Toxicology, Faculty of Veterinary Medicine, Sokoine University of Agriculture, P.O. Box 3017, Morogoro, Tanzania"
2051163018,middle,5043391310,114292369.0,"Ifakara Health Institute (IHI), Research and Development Center (RDC), P.O. Box 53, Ifakara, Kilombero District, Tanzania"
2051163018,middle,5067235788,114292369.0,"Ifakara Health Institute (IHI), Research and Development Center (RDC), P.O. Box 53, Ifakara, Kilombero District, Tanzania"
2051163018,middle,5080781092,4210160401.0,"Malaria Branch, Division of Parasitic Diseases, National Center for Infectious Diseases, Centers for Disease Control and Prevention (CDC), Atlanta, GA 30341, USA"
2051163018,middle,5024995818,1289490764.0,"Malaria Branch, Division of Parasitic Diseases, National Center for Infectious Diseases, Centers for Disease Control and Prevention (CDC), Atlanta, GA 30341, USA"
2051163018,middle,5014063849,4210160401.0,"Malaria Branch, Division of Parasitic Diseases, National Center for Infectious Diseases, Centers for Disease Control and Prevention (CDC), Atlanta, GA 30341, USA"
2051163018,middle,5008513659,1289490764.0,"Malaria Branch, Division of Parasitic Diseases, National Center for Infectious Diseases, Centers for Disease Control and Prevention (CDC), Atlanta, GA 30341, USA"
2051163018,last,5070405900,124357947.0,"London School of Hygiene and Tropical Medicine, Pathogen Molecular Biology Unit, Department of Infectious Tropical Diseases, Keppel Street, London WC1E 7HT, UK"
2051163018,last,5061252395,4210089966.0,"London School of Hygiene and Tropical Medicine, Pathogen Molecular Biology Unit, Department of Infectious Tropical Diseases, Keppel Street, London WC1E 7HT, UK"
2051165166,first,5028399643,,
2051165205,first,5010586392,95457486.0,"Department of Molecular and Cell biology, University of California, Berkeley, USA."
2051165205,middle,5037703738,95457486.0,"Department of Molecular and Cell biology, University of California, Berkeley, USA."
2051165205,middle,5065372450,95457486.0,"Department of Molecular and Cell biology, University of California, Berkeley, USA."
2051165205,middle,5034382647,95457486.0,"Department of Molecular and Cell biology, University of California, Berkeley, USA."
2051165205,middle,5047169769,95457486.0,"Department of Molecular and Cell biology, University of California, Berkeley, USA."
2051165205,last,5086287652,95457486.0,"Department of Molecular and Cell biology, University of California, Berkeley, USA."
2051165229,first,5088422718,138689650.0,"Gastroenterology Unit, Department of Surgical, Oncological and Gastroenterological Sciences, University of Padua, Padua, Italy"
2051165229,middle,5036137417,83816512.0,"Gastroenterology Unit, Department of Internal Medicine, University of Genoa, Genoa, Italy"
2051165229,last,5074766372,83816512.0,"Gastroenterology Unit, Department of Internal Medicine, University of Genoa, Genoa, Italy"
2051165252,first,5065753963,4210087584.0,"Korea Institute of Oriental Medicine, Daejeon, 305–811, Korea"
2051165252,middle,5023437486,4210087584.0,"Korea Institute of Oriental Medicine, Daejeon, 305–811, Korea"
2051165252,middle,5065753963,4210087584.0,"Korea Institute of Oriental Medicine, Daejeon, 305–811, Korea"
2051165252,middle,5062198870,4210087584.0,"Korea Institute of Oriental Medicine, Daejeon, 305–811, Korea"
2051165252,middle,5085701476,24062138.0,"Department of Biological Sciences, Konkuk University, Seoul 143–701, Korea"
2051165252,middle,5051924943,205490536.0,"Dongguk University, Gyeongsangbuk-do, 780–714, Korea"
2051165252,last,5084167711,4210087584.0,"Korea Institute of Oriental Medicine, Daejeon, 305–811, Korea"
2051165970,first,5061544462,,
2051165970,middle,5020875533,,
2051165970,last,5008513659,,
2051166298,first,5073784003,165799507.0,"Rensselaer Polytechnic Institute, Troy, NY"
2051166298,middle,5011244104,165799507.0,"Rensselaer Polytechnic Institute, Troy, NY"
2051166298,middle,5062662618,165799507.0,"Rensselaer Polytechnic Institute, Troy, NY"
2051166298,last,5062662618,165799507.0,"Rensselaer Polytechnic Institute, Troy, NY"
2051167109,first,5066572586,,
2051167116,first,5002139034,8087733.0,"Lehrstuhl für Theoretische Physik der Universität Tübingen, Deutschland"
2051167116,last,5028220643,8087733.0,"Lehrstuhl für Theoretische Physik der Universität Tübingen, Deutschland"
2051167881,first,5057198702,,
2051168629,first,5061252395,,
2051169992,first,5083981519,129604602.0,"Design Lab, University of Sydney, NSW 2010 Australia"
2051169992,last,5034051555,129604602.0,"Design Lab, University of Sydney, NSW 2010 Australia"
2051170518,first,5005020376,179193067.0,"Department of Chemistry, Faculty of Science , Khon Kaen University , Khon Kaen, 40002, Thailand"
2051170518,middle,5084721919,179193067.0,"Department of Chemistry, Faculty of Science , Khon Kaen University , Khon Kaen, 40002, Thailand"
2051170518,last,5009902972,108108428.0,"Department of Physics, Faculty of Science and Technology, Thammasat University Rangsit, Pathumthani 12121, Thailand"
2051170911,first,5006372117,,
2051171033,first,5013399870,108403487.0," Warsaw University of Technology, POLAND"
2051171033,middle,5087249091,4210114383.0,The Children's Memorial Health Institute (Poland)
2051171033,middle,5086511085,4210114383.0,The Children's Memorial Health Institute (Poland)
2051171033,middle,5070106223,4210114383.0,The Children's Memorial Health Institute (Poland)
2051171033,last,5028356280,108403487.0," Warsaw University of Technology, POLAND"
2051171777,first,5011743476,15057530.0,"IMB, Université de Bordeaux, 33405 Talence Cedex, France"
2051171777,first,5044782313,4210166017.0,"IMB, Université de Bordeaux, 33405 Talence Cedex, France"
2051171777,last,5010171854,177877127.0,"University of Western Australia, School of Mathematics and Statistics, Perth, WA 6009, Australia"
2051172176,first,5023779041,25974101.0,"Institut für Theoretische Physik, Universität Würzburg, 97074 Würzburg, Germany#N#, , DE"
2051172176,last,5010171854,112859197.0,"Dipartimento di Matematica e Fisica,  Sezione INFM,  Università di Camerino,  62032 Camerino (MC),  Italy"
2051173030,first,5071502461,,
2051173461,first,5003214232,12524447.0,"Seton Hall University, South Orange, USA"
2051174634,first,5001166023,144291393.0,"Data Storage Institute, Agency for Science, Technology and Research (A*STAR), DSI Building, 5 Engineering Drive 1, Singapore 117608"
2051174634,first,5035108806,115228651.0,"Data Storage Institute, Agency for Science, Technology and Research (A*STAR), DSI Building, 5 Engineering Drive 1, Singapore 117608"
2051174634,middle,5080781092,144291393.0,"Data Storage Institute, Agency for Science, Technology and Research (A*STAR), DSI Building, 5 Engineering Drive 1, Singapore 117608"
2051174634,middle,5037599277,115228651.0,"Data Storage Institute, Agency for Science, Technology and Research (A*STAR), DSI Building, 5 Engineering Drive 1, Singapore 117608"
2051174634,last,5015987754,144291393.0,"Data Storage Institute, Agency for Science, Technology and Research (A*STAR), DSI Building, 5 Engineering Drive 1, Singapore 117608"
2051174634,last,5080874815,115228651.0,"Data Storage Institute, Agency for Science, Technology and Research (A*STAR), DSI Building, 5 Engineering Drive 1, Singapore 117608"
2051175437,first,5030039484,,
2051175437,middle,5085842813,,
2051175437,last,5073347409,,
2051176443,first,5084534799,,"Rand Afrikaans University, Johannesburg, South Africa"
2051176443,last,5049923176,,"Rand Afrikaans University, Johannesburg, South Africa"
2051176778,first,5043776379,,
2051177858,first,5089085199,104946051.0,"Research Associate, Dept. of Civil Engineering, Nihon Univ., College of Science and Technology, Tokyo, Japan."
2051177858,middle,5075409077,104946051.0,"Research Associate, Dept. of Civil Engineering, Nihon Univ., College of Science and Technology, Tokyo, Japan."
2051177858,last,5065383227,104946051.0,"Research Associate, Dept. of Civil Engineering, Nihon Univ., College of Science and Technology, Tokyo, Japan."
2051177922,first,5016173920,,
2051178226,first,5000712499,,
2051178226,middle,5053627197,141371507.0,SOONGSIL UNIVERSITY
2051178226,last,5004081995,,
2051178495,first,5041827931,110166357.0,"Department of Physics and Astrophysics, Delhi Unviersity, Delhi 110007, India"
2051178495,middle,5050053255,2800004676.0,"Observatoire de Paris, 92195 Meudon, France"
2051178495,middle,5022719891,126231945.0,"Department of Applied Mathematics and Theoretical Physics, The Queen’s University of Belfast, Belfast, BT7 1NN, Northern Ireland"
2051178495,middle,5068820249,126231945.0,"Department of Applied Mathematics and Theoretical Physics, The Queen’s University of Belfast, Belfast, BT7 1NN, Northern Ireland"
2051178495,last,5027852733,126231945.0,"Department of Applied Mathematics and Theoretical Physics, The Queen’s University of Belfast, Belfast, BT7 1NN, Northern Ireland"
2051178596,first,5010447879,,
2051178596,middle,5075010605,,
2051178596,last,5088774335,,
2051178702,first,5028356280,2799807261.0,Tel Aviv-Sourasky Medical Center Israel
2051178702,middle,5057198702,2799807261.0,Tel Aviv-Sourasky Medical Center Israel
2051178702,middle,5033181376,2799807261.0,Tel Aviv-Sourasky Medical Center Israel
2051178702,last,5082696829,2799807261.0,Tel Aviv-Sourasky Medical Center Israel
2051178779,first,5056986606,51504820.0,"Department of Philosophy, San José State University, San Jose, CA, United States"
2051178923,first,5040010116,2799756756.0,"Uttar Pradesh State Observatory, Naini Tal, India"
2051178999,first,5029873389,,
2051179204,first,5005363995,39586589.0,"School of Biological Sciences, University of Wales Swansea, SA2 PP, UK"
2051179204,first,5080978581,97429440.0,"School of Biological Sciences, University of Wales Swansea, SA2 PP, UK"
2051179204,middle,5043013411,2800861664.0,"Oral and Maxillofacial Surgery, University Hospital of Wales, Cardiff, UK"
2051179204,middle,5004437004,2801456533.0,"Department of Histopathology, Morriston Hospital, Swansea, UK"
2051179204,middle,5059075801,39586589.0,"School of Biological Sciences, University of Wales Swansea, SA2 PP, UK"
2051179204,middle,5065372450,97429440.0,"School of Biological Sciences, University of Wales Swansea, SA2 PP, UK"
2051179204,last,5072340000,39586589.0,"School of Biological Sciences, University of Wales Swansea, SA2 PP, UK"
2051179204,last,5062686968,97429440.0,"School of Biological Sciences, University of Wales Swansea, SA2 PP, UK"
2051179649,first,5003352360,115498069.0,"Department of Pediatrics, The Jikei University School of Medicine, Tokyo,, Japan."
2051179649,middle,5047842014,115498069.0,"Department of Pediatrics, The Jikei University School of Medicine"
2051179649,middle,5088509732,4210105388.0,"Department of Pediatrics, Kanagawa Prefecture Midwives and Nurses Training School Hospital, Yokohama, Japan."
2051179649,middle,5050053255,4210105388.0,"Department of Pediatrics, Kanagawa Prefecture Midwives and Nurses Training School Hospital"
2051179649,last,5061357549,115498069.0,"Department of Pediatrics, The Jikei University School of Medicine"
2051180529,first,5020875533,,
2051180529,last,5040010116,,
2051180794,first,5029414284,,
2051180794,middle,5056986606,,
2051180794,middle,5053730749,,
2051180794,middle,5070106223,,
2051180794,last,5086132698,,
2051181815,first,5022719891,2801919071.0,"University of Illinois , USA"
2051182473,first,5029924681,118347636.0,Australian National University
205118251,first,5054000647,71267560.0,"Department of Agricultural Sciences, University of Naples ‘Federico II’, Portici, Naples, Italy"
2051182868,first,5047169769,,Aviation University of Air Force
2051182868,middle,5005020376,,Aviation University of Air Force
2051182868,middle,5038838837,,Aviation University of Air Force
2051182868,middle,5062198870,,Aviation University of Air Force
2051182868,middle,5020600189,,Aviation University of Air Force
2051182868,last,5019738494,,Aviation University of Air Force
205118305,first,5011743476,,
2051183204,first,5087602901,,"Nuclear Development Corporation of America, White Plains, New York"
2051183401,first,5025583560,191242182.0,"Centro de Quimica, Instituto Venezolano de Investigaciones Cientificas (IVIC), Apartado 21827, Caracas 1020A, Venezuela"
2051183401,middle,5035722682,191242182.0,"Centro de Quimica, Instituto Venezolano de Investigaciones Cientificas (IVIC), Apartado 21827, Caracas 1020A, Venezuela"
2051183401,last,5026940991,191242182.0,"Centro de Quimica, Instituto Venezolano de Investigaciones Cientificas (IVIC), Apartado 21827, Caracas 1020A, Venezuela"
2051183471,first,5032828472,,
2051183609,first,5044368045,,
2051184425,first,5006372117,4210126868.0,University of Georgia School of Law
2051184819,first,5044339534,,
2051184819,last,5032828472,,
205118494,first,5075723628,,
2051185615,first,5048192566,118517470.0,P.N. Lebedev Physics Institute (Russia)
2051185615,middle,5002587301,118517470.0,P.N. Lebedev Physics Institute (Russia)
2051185615,middle,5023779041,118517470.0,P.N. Lebedev Physics Institute (Russia)
2051185615,middle,5066838003,118517470.0,P.N. Lebedev Physics Institute (Russia)
2051185615,last,5003214232,118517470.0,P.N. Lebedev Physics Institute (Russia)
2051186739,first,5072797742,,
2051186739,last,5080782025,203088144.0,Nova University in Fort Lauderdale
2051187688,first,5058691660,130828816.0,"Physics Department University of Leeds Leeds LS2 9JT, U.K."
2051187688,last,5012427925,130828816.0,"Physics Department University of Leeds Leeds LS2 9JT, U.K."
2051187689,first,5068820249,110166357.0,Department of Physics and Astrophysics University of Delhi  Delhi India
2051187689,last,5091239365,110166357.0,Department of Physics and Astrophysics University of Delhi  Delhi India
2051188820,first,5067845888,,
2051190006,first,5019738494,127558574.0,"R & D Department of Process Technology, DSM Research B.V., Geleen, The Netherlands"
2051190936,first,5060074227,51226738.0,"Department of Radiology, Dong-A University College of Medicine, 1,3-ga, Dongdaesin-dong, Seo-gu, Busan, 602-715, Republic of Korea"
2051190936,middle,5062915596,51226738.0,"Department of Radiology, Dong-A University College of Medicine, 1,3-ga, Dongdaesin-dong, Seo-gu, Busan, 602-715, Republic of Korea"
2051190936,middle,5083251793,193775966.0,"Department of Radiology, Yonsei University College of Medicine, 134 Shinchon-dong, Seodaemun-gu, Seoul, 120-752, Republic of Korea"
2051190936,middle,5043013411,51226738.0,"Breast Center, Dong-A University Medical Center, 1,3-ga, Dongdaesin-dong, Seo-gu, Busan, 602-715, Republic of Korea"
2051190936,middle,5007972136,51226738.0,"Department of Radiology, Dong-A University College of Medicine, 1,3-ga, Dongdaesin-dong, Seo-gu, Busan, 602-715, Republic of Korea"
2051190936,middle,5000942206,51226738.0,"Department of Plastic Surgery and Reconstructive Surgery, Dong-A University College of Medicine, 1,3-ga, Dongdaesin-dong, Seo-gu, Busan, 602-715, Republic of Korea"
2051190936,last,5073456593,51226738.0,"Department of Radiology, Dong-A University College of Medicine, 1,3-ga, Dongdaesin-dong, Seo-gu, Busan, 602-715, Republic of Korea"
2051191844,first,5042045648,,"Architectural Design and Planning Services, 15 Pembroke Road, Clifton, Bristol, UK"
2051192056,first,5013514001,,
2051192056,last,5050964499,,
2051192453,first,5051873291,4210100693.0,"State Research Institute of Chemicals and Ultrapure Chemical Substances, Moscow, Russia"
2051192453,last,5029831246,4210100693.0,"State Research Institute of Chemicals and Ultrapure Chemical Substances, Moscow, Russia"
2051192594,first,5017707285,,
2051192594,last,5002142037,,
2051192755,first,5086210261,112713213.0,"Department of Computer Science, University Gaston Berger, P.O Box 234 Saint-Louis, Senegal"
2051192755,last,5076559815,112713213.0,"Department of Computer Science, University Gaston Berger, P.O Box 234 Saint-Louis, Senegal"
2051192885,first,5005372190,,
2051193728,first,5074758078,,"Akustikkompetenzzentrum, Graz, Austria"
2051193728,middle,5010447879,,"Akustikkompetenzzentrum, Graz, Austria"
2051193728,middle,5054826195,,"Akustikkompetenzzentrum, Graz, Austria"
2051193728,middle,5026940991,,
2051193728,last,5009746570,,
2051194448,first,5071741692,78577930.0,"Chief of Pediatric Surgery, The Rocky Mountain Hospital for Children, Denver, Colorado.; Clinical Professor of Surgery, Columbia University College of Physicians and Surgeons, New York, New York."
2051194448,first,5061531752,4210131159.0,"Chief of Pediatric Surgery, The Rocky Mountain Hospital for Children, Denver, Colorado.; Clinical Professor of Surgery, Columbia University College of Physicians and Surgeons, New York, New York."
2051194752,first,5023158589,,
2051194941,first,5090664376,,
2051195062,first,5083043755,4210124779.0,"National Aeronautics and Space Administration Washington, DC, USA"
2051195062,middle,5024951508,1334627681.0,"Jet Propulsion Laboratory Pasadena, CA, USA"
2051195062,last,5058050138,4210124779.0,"National Aeronautics and Space Administration Washington, DC, USA"
2051196023,first,5075559582,,
2051196445,first,5085149146,4210120094.0,"Instituto de Investigaciones Fisicoquímicas Teóricas y Aplicadas, Sección Química Teórica, Sucursal 4—Casilla de Correo 16, La Plata 1900, Argentina"
2051196966,first,5005617701,205274468.0,"Departments of Clinical Medicine and Biochemistry, Trinity College, Dublin 2,"
2051196966,middle,5065061430,205274468.0,"Departments of Clinical Medicine and Biochemistry, Trinity College, Dublin 2,"
2051196966,last,5030237199,205274468.0,"Departments of Clinical Medicine and Biochemistry, Trinity College, Dublin 2,"
2051197126,first,5033355358,,"Music Specialist and band director at Santa Rosa Boarding and Day School in Sells, Arizona."
2051197174,first,5071305673,,
2051197174,middle,5057126228,,
2051197174,middle,5021079206,,
2051197174,middle,5009746570,,
2051197174,middle,5066572586,,
2051197174,last,5052810313,,
2051197413,first,5087984395,4210109156.0,Max Planck Institut für Astronomie Heidelberg Germany
2051197413,middle,5027852733,4210109156.0,Max Planck Institut für Astronomie Heidelberg Germany
2051197413,middle,5000276923,4210109224.0,"Laboratoire d'Astrophysique, Observatoire de Grenoble, Grenoble Cedex, France"
2051197413,last,5067006146,1306486109.0,"Dublin Institute for Advanced Studies, School of Cosmic Physics, Ireland"
2051198808,first,5086444426,,"Pound Ridge, New York"
2051199660,first,5010789873,157455823.0,"SUNY, New Paltz, NY 12561"
2051199660,middle,5085591989,157455823.0,"SUNY, New Paltz, NY 12561"
2051199660,middle,5083251793,157455823.0,"SUNY, New Paltz, NY 12561"
2051199660,last,5065061430,4210091433.0,"IBM Corp., Poughkeepsie, NY 12602"
2051199721,first,5065415889,4210120668.0,"Department of Anesthesiology, Citizens Hospitals, Serilingampally, Hyderabad, Telangana, India; This is an open-access article distributed under the terms of the Creative Commons Attribution-Noncommercial-Share Alike 3.0 Unported, which permits unrestricted use, distribution, and reproduction in any medium, provided the original work is properly cited."
2051199721,middle,5001166023,4210120668.0,"Department of Anesthesiology, Citizens Hospitals, Serilingampally, Hyderabad, Telangana, India; This is an open-access article distributed under the terms of the Creative Commons Attribution-Noncommercial-Share Alike 3.0 Unported, which permits unrestricted use, distribution, and reproduction in any medium, provided the original work is properly cited."
2051199721,middle,5031016286,4210120668.0,"Department of Anesthesiology, Citizens Hospitals, Serilingampally, Hyderabad, Telangana, India; This is an open-access article distributed under the terms of the Creative Commons Attribution-Noncommercial-Share Alike 3.0 Unported, which permits unrestricted use, distribution, and reproduction in any medium, provided the original work is properly cited."
2051199721,last,5057124086,4210120668.0,"Department of Anesthesiology, Citizens Hospitals, Serilingampally, Hyderabad, Telangana, India; This is an open-access article distributed under the terms of the Creative Commons Attribution-Noncommercial-Share Alike 3.0 Unported, which permits unrestricted use, distribution, and reproduction in any medium, provided the original work is properly cited."
2051200648,first,5076268018,,
2051200648,middle,5047681132,,
2051200648,last,5001110049,,
2051201179,first,5044032928,,
2051201179,middle,5037599277,,
2051201179,middle,5050964499,,
2051201179,last,5007604289,,
2051201341,first,5015394724,33849332.0,"Department of Biomedical Engineering, Faculty of Engineering, University of Malaya, 50603 Kuala Lumpur, Malaysia."
2051201341,last,5080874815,33849332.0,"Department of Biomedical Engineering, Faculty of Engineering, University of Malaya, 50603 Kuala Lumpur, Malaysia."
2051201651,first,5065356202,28407311.0,Univ. of Manchester (United Kingdom)
2051201651,last,5069308466,28407311.0,Univ. of Manchester (United Kingdom)
2051201833,first,5084737453,,"Astrophysical Institute of the Academy of Sciences of the Kazakh SSR, U.S.S.R."
2051202336,first,5006741875,,
2051202336,middle,5074969093,,
2051202336,last,5068485943,,
2051202427,first,5019872225,,
2051202558,first,5020737678,,"Docent, bitr. överläkare (korrespondens), Reijo Hirvenoja, Psykolog, Psykiatriska kliniken, Uleåborgs Universitet, SF-90210, Uleåborg, Finland"
2051202558,last,5037703738,,"Docent, bitr. överläkare (korrespondens), Reijo Hirvenoja, Psykolog, Psykiatriska kliniken, Uleåborgs Universitet, SF-90210, Uleåborg, Finland"
2051202794,first,5070810077,,
2051203106,first,5000942206,,
2051203244,first,5004747807,,"Southern California, University, Los Angeles, Calif."
2051203244,middle,5065281470,,"Southern California, University, Los Angeles, Calif."
2051203244,middle,5052332422,,"Southern California, University, Los Angeles, Calif."
2051203244,last,5065552531,196883781.0,"Clarkson College of Technology, Potsdam, N.Y."
2051203478,first,5033181376,,
2051203478,last,5066838003,,
2051205600,first,5052810313,,
2051205600,middle,5007428634,,
2051205600,last,5084785027,,
2051205938,first,5030237199,91045830.0,"Cyclotron Institute, Texas A&M University, College Station, TX 77843-3636 USA and Department of Physics, Texas A&M University, College Station TX 77843-4242, USA"
2051206001,first,5054826195,,
2051206001,last,5037014853,,
2051206521,first,5067845888,,
2051207160,first,5068820249,,
2051207431,first,5037703738,,
2051207645,first,5047975619,,"Department of Experimental Pathology, The John Curtin School of Medical Research, Canberra, ACT 2601, Australia"
2051207645,last,5072053758,,"Department of Experimental Pathology, The John Curtin School of Medical Research, Canberra, ACT 2601, Australia"
2051207913,first,5060049581,193223587.0,"Department of Mathematics, University of Trento, Povo, Italy"
2051208169,first,5047681132,1313323035.0,"Institute of Semiconductor Physics, Siberian Division of the Russian Academy of Sciences, Novosibirsk, Russia"
2051208169,first,5033204973,4210138567.0,"Institute of Semiconductor Physics, Siberian Division of the Russian Academy of Sciences, Novosibirsk, Russia"
2051208169,last,5085932070,1313323035.0,"Institute of Semiconductor Physics, Siberian Division of the Russian Academy of Sciences, Novosibirsk, Russia"
2051208169,last,5040427649,4210138567.0,"Institute of Semiconductor Physics, Siberian Division of the Russian Academy of Sciences, Novosibirsk, Russia"
2051208216,first,5040427649,,
2051209215,first,5065185246,2801323708.0,"University Eye Hospital, Medical Centre Ljubljana, Ljubljana, SLOVENIA"
2051209215,last,5049923176,2801323708.0,"University Eye Hospital, Medical Centre Ljubljana, Ljubljana, SLOVENIA"
2051209437,first,5090856588,4210104735.0,"(Sandia National Laboratories, Albuquerque, NM USA[1])"
2051209437,last,5057124086,4210104735.0,"Sandia National Laboratories, Albuquerque, NM USA"
2051209728,first,5035966325,81556334.0,"Centre For Excellence in Comput. Eng. & Networking, Amrita Vishwa Vidyapeetham, Coimbatore, India"
2051209728,middle,5065024297,81556334.0,"Centre For Excellence in Comput. Eng. & Networking, Amrita Vishwa Vidyapeetham, Coimbatore, India"
2051209728,last,5013318251,81556334.0,"Centre For Excellence in Comput. Eng. & Networking, Amrita Vishwa Vidyapeetham, Coimbatore, India"
2051210832,first,5024732052,,Jilin Business and Technology College
2051210832,last,5055935882,179324530.0,Jilin University of Finance and Economics
2051211026,first,5020483292,36234482.0,"Department of Earth Science, University of Bristol, Queens Road, Bristol, BS8 1RJ, UK"
2051211026,last,5033568231,98677209.0,"Department of Geology and Geophysics, University of Edinburgh, West Mains Road, Edinburgh, EH9 3JW, UK"
2051211043,first,5086118789,32389192.0,"University of Alabama School of Nursing, University of Alabama at Birmingham, UAB Station, Birmingham, AL 35294-1210"
2051211688,first,5033077809,2800191616.0,"Department of Neurology, Maastricht University Medical Centre, Maastricht, The Netherlands;"
2051211688,middle,5056029393,2800191616.0,"Department of Neurosurgery, Maastricht University Medical Centre, Maastricht, The Netherlands"
2051211688,middle,5011899689,4210127939.0,"Department of Neurology, Atrium Medical Centre Parkstad, Heerlen, The Netherlands"
2051211688,middle,5046265468,2800191616.0,"Department of Neurosurgery, Maastricht University Medical Centre, Maastricht, The Netherlands"
2051211688,last,5044612344,2800191616.0,"Department of Neurosurgery, Maastricht University Medical Centre, Maastricht, The Netherlands"
2051211866,first,5081616503,44563897.0,"Laboratoire de Chimie Macromoléculaire, U.A. 351 du C.N.R.S., Université des Sciences et Techniques de Lille Flandres Artois 59655 Villeneuue d'Ascq CedexFrance"
2051211866,last,5080719634,44563897.0,"Laboratoire de Chimie Macromoléculaire, U.A. 351 du C.N.R.S., Université des Sciences et Techniques de Lille Flandres Artois 59655 Villeneuue d'Ascq CedexFrance"
2051212641,first,5045541568,,
2051212641,middle,5056624209,,
2051212641,middle,5085932070,,
2051212641,middle,5066985949,,
2051212641,last,5017062408,,
2051214037,first,5010789873,47508984.0,"Lecturer, Department of Mechanical Engineering, Imperial College of Science and Technology, Exhibition Road, London, S.W.7."
2051214119,first,5030237199,201537933.0,"Department of Applied Bioorganic Chemistry, Division of Life Science, Graduate School of Agricultural Science, Tohoku University, 1-1, Tsutsumidori-Amamiyamachi, Aoba-ku, Sendai 981-8555, Japan"
2051214119,last,5069242667,201537933.0,"Department of Applied Bioorganic Chemistry, Division of Life Science, Graduate School of Agricultural Science, Tohoku University, 1-1 Tsutsumidori-Amamiyamachi, Aoba-ku, Sendai 981-8555, Japan"
2051214562,first,5052378655,,
2051214828,first,5041827931,149213910.0,"Department of ChemistryUniversity of Antwerp, Drie Eiken Campus, Universiteitsplein 1, Wilrijk B2610, Belgium; School of ChemistryUniversity of the Witwatersrand, Private Bag X3, Wits, South Africa"
2051214828,first,5034051555,192619145.0,"Department of ChemistryUniversity of Antwerp, Drie Eiken Campus, Universiteitsplein 1, Wilrijk B2610, Belgium; School of ChemistryUniversity of the Witwatersrand, Private Bag X3, Wits, South Africa"
2051214828,middle,5034051555,149213910.0,"Department of ChemistryUniversity of Antwerp, Drie Eiken Campus, Universiteitsplein 1, Wilrijk B2610, Belgium; Department of Science and Laboratory TechnologyDar-es-Salaam Institute of Technology , PO Box 2958, Dar-es-Salaam, Tanzania"
2051214828,middle,5014063849,195608997.0,"Department of ChemistryUniversity of Antwerp, Drie Eiken Campus, Universiteitsplein 1, Wilrijk B2610, Belgium; Department of Science and Laboratory TechnologyDar-es-Salaam Institute of Technology , PO Box 2958, Dar-es-Salaam, Tanzania"
2051214828,middle,5026914227,149213910.0,"Department of ChemistryUniversity of Antwerp, Drie Eiken Campus, Universiteitsplein 1, Wilrijk B2610, Belgium"
2051214828,middle,5012427925,137616099.0,"Department of Chemistry and PhysicsTshwane University of Technology, Private Bag X680 , Pretoria0001, South Africa"
2051214828,last,5022719891,11983389.0,"Division of Chemistry and MaterialsSchool of Biology, Chemistry and Health Sciences, Manchester Metropolitan University, All Saints Campus , Oxford Road, Manchester M1 5GD, UK"
2051215193,first,5025986188,47652572.0,"La Salle University, Philadelphia, USA"
2051215735,first,5047461444,2799732068.0,"*Cardiology Registrar; Hallstrom Institute of Cardiology, Royal Prince Alfred Hospital, Camperdown, N.S.W"
2051215735,middle,5061531752,2799732068.0,"*Cardiology Registrar; Hallstrom Institute of Cardiology, Royal Prince Alfred Hospital, Camperdown, N.S.W"
2051215735,last,5070810077,2799732068.0,"Hallstrom Institute of Cardiology, Royal Prince Alfred Hospital, Camperdown, N.S.W"
2051215862,first,5090522992,4210115962.0,"Istituto Sperimentale per la Cerealicoltura, Sezione di Bergamo, Bergamo, Italy"
2051215862,last,5029954150,4210115962.0,"Istituto Sperimentale per la Cerealicoltura, Sezione di Bergamo, Bergamo, Italy"
2051216447,first,5057198702,99464096.0,"Geodynamics and geofluids research group, Katholieke Universiteit Leuven, Celestijnenlaan 200E, 3000 Leuven, Belgium"
2051216447,last,5034243585,99464096.0,"Geodynamics and geofluids research group, Katholieke Universiteit Leuven, Celestijnenlaan 200E, 3000 Leuven, Belgium"
2051216450,first,5084737453,,
2051216705,first,5091686644,,
2051216705,middle,5062920055,,
2051216705,middle,5020825814,,
2051216705,middle,5065281470,,
2051216705,middle,5029438796,,
2051216705,middle,5061357549,,
2051216705,last,5004081995,,
2051217243,first,5035625473,,
2051217301,first,5053901088,,"Freelance Science Writer, Stillwater, Minnesota, United States of America"
2051217692,first,5076254444,203765153.0,"Course of Physical Therapy, Akita University School of Health Sciences"
2051217692,middle,5006874901,,"Department of Rehabilitation, Naruko Public Hospital"
2051217692,middle,5025191886,4210148770.0,"Division of Rehabilitation Medicine, Shiogama City Hospital"
2051217692,last,5074008211,,"Department of Rehabilitation, Kurihara Central Hospital"
2051217715,first,5062872027,,
2051217748,first,5019123826,,
2051218676,first,5001149760,226413961.0,"Computer Science, Armstrong Atlantic State University, Savannah"
2051218676,last,5080419223,106165777.0,"School of Computer Science, University of Central Florida, Orlando"
2051218885,first,5047062612,185443292.0,"Department of Physics, Wayne State University, Detroit"
2051218944,first,5065185246,,
2051219096,first,5005617701,,"Dept. of Chemistry and Biochemistry, Rand Afrikaans University, Auckland Park, Republic of South Africa"
2051219096,last,5002142037,,"Dept. of Chemistry and Biochemistry, Rand Afrikaans University, Auckland Park, Republic of South Africa"
2051219111,first,5068820249,4210153150.0,Saarbrücken
2051219908,first,5001149760,10011244.0,"[Comput. Dept., Huanggang Normal Univ., HuangGang, China]"
2051219908,last,5075465227,10011244.0,"[Comput. Dept., Huanggang Normal Univ., HuangGang, China]"
2051220474,first,5067845888,,"281 Fourth Avenue, New York 10"
2051220735,first,5023779041,16733864.0,"Department of Computer Science and Information Engineering National Taiwan University Taipei 106, Taiwan, R.O.C."
2051220735,middle,5089722418,16733864.0,"Department of Computer Science and Information Engineering National Taiwan University Taipei 106, Taiwan, R.O.C."
2051220735,last,5038838837,16733864.0,"Department of Computer Science and Information Engineering National Taiwan University Taipei 106, Taiwan, R.O.C."
2051221079,first,5088774335,,
2051221079,middle,5084737453,,
2051221079,last,5087984395,,
2051221318,first,5036578348,,
2051221318,last,5086132698,,
2051221393,first,5016174754,904495901.0,"Lehrstuhl für allgemeine Elektrotechnik und Akustik, Ruhr‐Universität, D‐4630 Bochum, Postfach 102148, West Germany"
2051221450,first,5045541568,,
2051221450,last,5044944579,,
2051221670,first,5022425980,27483092.0,"Department of Clinical and Experimental Medicine, Section of Pharmacology, University of Perugia, Italy"
2051221670,middle,5083179065,,
2051221670,middle,5023934619,,
2051221670,middle,5072053758,,
2051221670,middle,5061252395,,
2051221670,middle,5029720502,,
2051221670,middle,5065061430,,
2051221670,middle,5059725315,,
2051221670,middle,5074758078,,
2051221670,last,5062289468,,
2051221680,first,5085701476,,
2051221680,middle,5033738984,,
